Ref,Val,Package,PosX,PosY,Rot,Side
"C20","100n","C_0402_1005Metric",10.000000,-19.000000,-90.000000,top
"C21","10uF","C_0805_2012Metric",15.000000,-20.800000,-90.000000,top
"C22","10uF","C_0805_2012Metric",17.000000,-20.800000,-90.000000,top
"C23","100n","C_0402_1005Metric",18.000000,-10.800000,0.000000,top
"C24","47uF","C_1206_3216Metric",35.500000,-10.200000,-90.000000,top
"C25","47uF","C_1206_3216Metric",35.500000,-15.200000,0.000000,top
"C26","1nF","C_0402_1005Metric",15.000000,-29.000000,0.000000,top
"C27","47pF","C_0402_1005Metric",24.000000,-22.000000,0.000000,top
"C40","2.2uF","C_0603_1608Metric",56.135100,-50.122400,52.269000,top
"C41","2.2uF","C_0603_1608Metric",60.280800,-19.576100,-36.011000,top
"C42","1uF","C_0603_1608Metric",25.500000,-33.500000,-90.000000,top
"C43","10nF","C_0402_1005Metric",25.500000,-37.500000,-90.000000,top
"C44","1uF","C_0603_1608Metric",23.000000,-33.500000,-90.000000,top
"C45","100n","C_0402_1005Metric",23.000000,-37.500000,-90.000000,top
"C46","1uF","C_0603_1608Metric",57.565500,-29.320900,-11.916000,top
"C47","100n","C_0402_1005Metric",40.000000,-17.000000,-90.000000,top
"C50","18pF","C_0402_1005Metric",33.500000,-49.500000,-90.000000,top
"C51","18pF","C_0402_1005Metric",37.000000,-49.500000,-90.000000,top
"C52","18pF","C_0402_1005Metric",45.500000,-49.500000,-90.000000,top
"C53","18pF","C_0402_1005Metric",49.000000,-49.500000,-90.000000,top
"C54","100nF","C_0402_1005Metric",20.500000,-33.500000,-90.000000,top
"C55","100nF","C_0402_1005Metric",72.000000,-24.000000,0.000000,top
"C60","C100n","C_0402_1005Metric",19.748500,-39.007100,149.024000,top
"C61","C100n","C_0402_1005Metric",17.832700,-36.613900,-173.337000,top
"C62","C100n","C_0402_1005Metric",30.222800,-49.391000,126.011000,top
"C63","C100n","C_0402_1005Metric",40.726000,-47.631900,96.686000,top
"C64","C100n","C_0402_1005Metric",49.866400,-53.445100,70.623000,top
"C65","C100n","C_0402_1005Metric",54.104700,-46.641100,50.627000,top
"C66","C100n","C_0402_1005Metric",57.467000,-37.062000,16.952000,top
"C67","C100n","C_0402_1005Metric",56.641100,-20.895300,-39.373000,top
"C68","C100n","C_0402_1005Metric",46.373800,-17.480100,-75.538000,top
"C69","C100n","C_0402_1005Metric",38.660200,-14.303400,-101.916000,top
"C70","C100n","C_0402_1005Metric",32.674800,-7.778600,-94.373000,top
"C71","C4.7uF","C_0603_1608Metric",24.000000,-25.000000,0.000000,top
"C72","C4.7uF","C_0603_1608Metric",62.000000,-44.000000,0.000000,top
"D5","SS34","D_SMA",31.500000,-18.500000,0.000000,top
"D6","SS34","D_SMA",9.000000,-44.000000,-90.000000,top
"D7","SS34","D_SMA",25.500000,-17.500000,-90.000000,top
"D8","PWR_GREEN","LED_0603_1608Metric",66.000000,-42.500000,-90.000000,top
"D9","USER_BLUE","LED_0603_1608Metric",70.000000,-42.500000,-90.000000,top
"F1","500mA","Fuse_1206_3216Metric",28.500000,-22.500000,0.000000,top
"FB1","600R@100MHz","L_0603_1608Metric",27.500000,-36.000000,0.000000,top
"J1","GPIO","PinHeader_2x28_P2.54mm_Vertical",8.210000,-4.470000,90.000000,top
"J2","GPIO","PinHeader_2x28_P2.54mm_Vertical",8.210000,-63.070000,90.000000,top
"J3","USB_C","USB_C_Receptacle_HRO_TYPE-C-31-M-12",7.500000,-25.497500,0.000000,top
"J4","SWD","PinHeader_1x06_P2.54mm_Vertical",3.200000,-6.150000,0.000000,top
"J5","BOOT","PinHeader_1x03_P2.54mm_Vertical",10.000000,-52.460000,0.000000,top
"J6","5VIN","PinHeader_1x02_P2.54mm_Vertical",3.200000,-46.730000,0.000000,top
"L1","6.8uH/4A","L_Bourns_SRP7028A_7.3x6.6mm",27.000000,-12.000000,0.000000,top
"R10","5.1k","R_0402_1005Metric",19.000000,-30.500000,-90.000000,top
"R11","5.1k","R_0402_1005Metric",22.500000,-30.500000,-90.000000,top
"R12","68k","R_0402_1005Metric",15.000000,-31.000000,-90.000000,top
"R13","100k","R_0402_1005Metric",15.000000,-34.500000,-90.000000,top
"R14","0R","R_0402_1005Metric",33.000000,-12.000000,0.000000,top
"R15","10.2k","R_0402_1005Metric",22.000000,-19.500000,-90.000000,top
"R16","3.24k","R_0402_1005Metric",22.000000,-22.500000,-90.000000,top
"R17","29.4k","R_0402_1005Metric",15.500000,-24.500000,0.000000,top
"R20","0R","R_0402_1005Metric",27.500000,-40.000000,0.000000,top
"R21","0R","R_0402_1005Metric",31.000000,-15.500000,-90.000000,top
"R22","10k","R_0402_1005Metric",28.500000,-28.500000,-90.000000,top
"R23","100k","R_0402_1005Metric",14.000000,-55.000000,0.000000,top
"R24","1k","R_0402_1005Metric",66.000000,-38.000000,-90.000000,top
"R25","1k","R_0402_1005Metric",70.000000,-38.000000,-90.000000,top
"SW1","NRST_KEY","SW_PUSH_6mm",21.750000,-42.750000,0.000000,top
"SW2","USER_KEY","SW_PUSH_6mm",68.750000,-16.750000,0.000000,top
"U1","STM32H743ZIT6","LQFP-144_20x20mm_P0.5mm",42.500000,-32.500000,0.000000,top
"U2","TPS54331DDAR","SOIC-8-1EP_3.9x4.9mm_P1.27mm_EP2.29x3mm",18.000000,-15.000000,0.000000,top
"U3","USBLC6-2SC6","SOT-23-6",19.500000,-25.000000,90.000000,top
"X1","8MHz","Crystal_SMD_3215-2Pin_3.2x1.5mm",35.000000,-46.000000,0.000000,top
"X2","32.768kHz","Crystal_SMD_3215-2Pin_3.2x1.5mm",47.000000,-46.000000,0.000000,top
